Name,Team,G,PA,1B,HR,R,RBI,wOBA,Off,Def,WAR,wRC+,AVG+,BB%+,K%+,OBP+,SLG+,ISO+,BABIP+,LA,Barrel%,maxEV,HardHit%,WPA,wRAA,NameASCII,PlayerId,MLBAMID
"Trent Grisham","- - -",371,1265,111,37,144,127,0.2913819113380915,-15.976071757729102,11.483580574393272,3.9651706831538522,87.25908954003388,77.86468768985951,142.53920294459843,123.32060311574105,94.63095291943033,86.4914632363107,99.77141577239176,83.06591218403616,17.172795141984665,0.10201342,112.337,0.38657718,-2.1825002133846283,-22.873008259571094,"Trent Grisham",18564,663757
"Max Muncy","LAD",311,1311,109,66,188,202,0.3317211828440245,17.354086186475524,-7.130752980709076,5.641175006723836,112.21988510542931,83.72547018135403,175.23438054297665,116.83970283416684,103.8401025070482,107.0400245603645,142.78143197607187,77.65175876404335,22.189627742135762,0.13588391,111.151,0.45382586,1.9883261993527412,19.389328441786983,"Max Muncy",13301,571970
"Jack Suwinski","PIT",338,1183,115,54,137,138,0.31274110757403184,-1.6766318226930519,-10.660432934761047,2.843684802398978,96.2958167116698,83.76376933791644,141.20393031082804,137.5039617861581,96.91439744164337,100.3181071314305,125.72896299735865,87.4988174979722,17.33639642491914,0.12801205,114.745,0.40963855,0.019984513521194458,-0.9406462288227697,"Jack Suwinski",22244,669261
"Paul DeJong","- - -",303,1039,120,40,105,110,0.2772508612381253,-36.181368389810274,19.72327111661434,1.8992742125858864,75.19193413918804,84.39241246874812,68.37468912638963,139.14588209117554,83.77518860194456,91.58727797118446,102.60125588333328,90.32340161914578,19.350277503955308,0.08477237,111.53,0.37048666,-4.269008561968803,-30.700266878996818,"Paul DeJong",18015,657557
"Jose Siri","- - -",308,1052,112,46,151,118,0.28920546837272026,-6.485516475786941,31.3841363042593,6.07087300008952,88.98449566498566,86.24253082841648,78.06873600274574,156.41076587786353,85.58614353397125,100.24805233171314,121.24553853937492,97.29386168131093,14.881257241459217,0.11276949,113.669,0.37645108,-2.35796582698822,-20.169246296671705,"Jose Siri",17452,642350
"JJ Bleday","- - -",269,1033,101,30,113,88,0.3061791407830507,-2.7069998513500426,-6.441245913505554,2.6138246890583012,98.51099444859382,87.49562274009367,145.0603897215798,97.94557295037414,98.99731543682506,95.97409032180227,108.92290120350994,86.40314462412576,19.072102134715994,0.07555556,113.256,0.34962963,-2.5079811215400696,-5.508491923991892,"JJ Bleday",26368,668709
"Giancarlo Stanton","NYY",294,1204,122,75,134,190,0.318127214709586,-1.2563637275229205,-28.27892330288887,1.0594812918285035,105.27230502032684,87.5587359647208,118.30897611402558,133.41162294659304,92.91205894968661,112.92598148538467,152.4779014745982,82.55073145890654,12.472726734113493,0.17704011,120.042,0.50760719,-0.6468881964683533,4.593966642024089,"Giancarlo Stanton",4949,519317
"Shea Langeliers","OAK",279,1048,104,50,109,146,0.30206710568781897,-6.376161156043313,-7.355900883674622,2.1512845867894415,96.50437960995076,87.98748695496347,85.81807912570186,128.88852816458106,88.07945620847501,107.0643847383753,136.19216322831264,87.73972133369516,17.63784376635036,0.13221884,113.365,0.4331307,-1.4290335606783628,-10.590613434843622,"Shea Langeliers",25816,669127
"Chris Taylor","LAD",299,1027,118,28,113,114,0.2988277846936377,-7.672835690488849,-6.17851448059082,2.195340855590236,90.27282181755464,88.24306950200103,123.83851111855351,150.31858659841885,96.6529564009472,91.4517952435015,96.32437178530179,107.45858339707274,19.963953121474503,0.09625668,110.761,0.35294118,-0.3037371039390564,-11.799557835848812,"Chris Taylor",13757,621035
"Kyle Schwarber","PHI",428,1915,169,121,292,276,0.35700188141024497,56.23655896870026,-64.13140594959259,5.955940584720613,127.9074618484621,88.93513287658732,184.3472809007303,129.74900921040987,108.85305297336159,119.98702934536749,167.8869571775908,83.73452497939505,18.135180593569537,0.16874401,115.557,0.52253116,5.676781058311462,67.7005607188081,"Kyle Schwarber",16478,656941
"Spencer Torkelson","DET",325,1326,146,43,151,140,0.29984826704886747,-13.94104739594456,-30.385622262954712,-0.10885256843481184,91.65298715093297,89.30436873500415,112.05236687899547,108.9892239211441,94.78860690110064,96.03311434647294,106.01626477274047,89.95608328459869,17.218704134608373,0.10672854,112.717,0.45591647,-3.608152389526367,-15.280831573430413,"Spencer Torkelson",27465,679529
"Eddie Rosario","- - -",313,1105,139,36,124,133,0.28006195350737056,-33.6031575125363,-24.11653172969818,-2.109095722976591,74.29653314068074,89.49325011270989,70.95428806102757,107.72029691209966,83.91395723469857,93.29116123263618,99.09742997074976,88.59185640063436,14.614919106791339,0.07272727,110.351,0.36753247,-1.7233695685863495,-30.19617900116837,"Eddie Rosario",12155,592696
"Cal Raleigh","SEA",381,1451,142,84,177,216,0.3249195346693775,22.268483291705255,46.84441955015063,11.974244943669772,115.42768486842103,89.92966308797722,121.30427996913937,127.6312519607298,95.60263173244098,114.55229618626241,152.96620476011174,85.59262558313169,21.16652332652699,0.14852608,113.957,0.4478458,0.8444648832082748,13.340770179730956,"Cal Raleigh",21534,663728
"Nolan Gorman","STL",314,1175,129,60,145,161,0.3194634063266224,3.6887965060094263,-17.803600251674652,2.619169219996282,104.15905420094438,90.28154226033462,114.92798595358296,151.30297160710543,94.97696452418222,107.45111695041409,133.9447675709061,99.30547512140592,20.909532251986025,0.16030534,112.262,0.43816794,0.21703991293907166,5.85618515380415,"Nolan Gorman",22263,669357
"Javier Báez","DET",358,1419,197,32,147,163,0.26655249659624475,-46.124277832376734,18.021157175302505,1.904382408490431,69.35752406256903,90.61934923957952,53.590774177697654,105.27679446818918,84.1607272117826,86.99293942525044,81.67690977344641,92.65193084250063,9.812951893724824,0.06879362,113.062,0.38683948,-1.5333045199513435,-54.181525000761226,"Javier Baez",12979,595879
"MJ Melendez","KCR",378,1480,164,48,156,156,0.3053761156938844,-17.072415385950432,-35.377087727189064,-0.4147006393189765,90.95608982580332,90.69953816103042,125.94534778764712,114.98020811483639,96.82097235336336,99.18216934105519,112.46747329553367,93.42773342707386,15.733820847831906,0.10352188,113.168,0.45784418,-0.4968956559896469,-9.88037545196347,"MJ Melendez",22197,669004
"Christopher Morel","- - -",339,1345,152,62,166,170,0.3179116317687726,8.681424843548722,-30.639120280742645,2.4588612219405794,103.75143139675836,90.75670220995636,113.1047071793593,130.13909920822982,96.20588599370204,105.97841835292812,129.39347037659192,93.44512728999136,11.970367393205388,0.13349815,113.57,0.43510507,-2.597244769334793,5.552793729520328,"Christopher Morel",21897,666624
"Jorge Mateo","BAL",334,1091,133,25,151,102,0.2768946087094981,-12.060891784541113,16.857088208198547,4.18201646944861,78.75705933724784,90.77357562971599,66.4158683979143,112.89305675997345,85.61822053005204,92.83360995350155,96.29921221018888,95.39201182867433,13.248978987068966,0.05347594,112.365,0.34893048,-2.6718328073620796,-31.836424271855307,"Jorge Mateo",17273,622761
"Nick Senzel","- - -",287,1014,144,25,119,85,0.2829202129840851,-32.18635474817104,-18.0386965572834,-1.5876656332006567,74.22005648161088,90.96188494541327,98.12633459519779,92.22488702214558,92.62460570719836,84.76092382825851,75.03837447898604,89.81131845729935,13.687525189112103,0.04347826,109.457,0.31276297,-4.827148288488388,-24.639623178366794,"Nick Senzel",19293,669222
"Daulton Varsho","- - -",424,1606,184,62,204,187,0.3067033663997805,-0.4057967397362754,36.017048954963684,9.295355007539818,96.5858912653115,91.47952118086482,100.58566501499404,108.1443349323538,93.52665669111212,102.45087212947914,119.34316777348076,89.51335388281343,19.788028747078002,0.07800752,112.457,0.34774436,-0.11789136379957199,-8.845493657512293,"Daulton Varsho",19918,662139
"Enrique Hernández","- - -",331,1228,167,24,136,135,0.2771197880489999,-39.277014349999966,-8.152983450796455,-0.6362683879009017,72.37808598414293,91.58226382642712,93.03995119752568,84.47505686044285,90.77881664160931,85.11211296154895,75.13290923017372,88.84074274137019,17.008350376595818,0.049217,112.737,0.35682327,-1.9524166285991669,-36.44372388854915,"Enrique Hernandez",10472,571771
"Robbie Grossman","- - -",310,1092,137,20,115,108,0.30171894486788864,-10.094873632438787,-24.371017403900623,0.1684448267507377,92.62377389146755,91.73435011056253,157.23573982035253,108.13048213850736,104.36716621225703,85.8150329499005,76.45606600514832,98.26743309358275,19.448387858072916,0.04881657,109.033,0.3239645,-0.24657118320465088,-9.98716605468125,"Robbie Grossman",5254,543257
"Rowdy Tellez","- - -",364,1287,153,58,125,178,0.3090381248617621,-15.634675381837434,-31.0209521651268,-0.20900988133483533,95.9110801902939,91.82261351475947,109.32278644992057,96.77959626470843,94.51373411293896,104.11591788462115,123.30239524464591,83.13040665000543,15.455835294614891,0.10442679,116.928,0.4199773,-1.8407624959945679,-3.7870202373173303,"Rowdy Tellez",15679,642133
"Mike Yastrzemski","SFG",360,1285,138,41,168,138,0.31684801101497867,8.315104440968259,-10.003434032201767,4.3418766686098484,104.15416247264508,92.33943228465743,122.1290142614269,115.62467852016451,99.01146205209471,102.61516108573447,118.48979464146467,96.27717051452943,19.54361360305767,0.10186335,110.113,0.42484472,-0.510179728269577,4.586456695753856,"Mike Yastrzemski",14854,573262
"Seth Brown","OAK",350,1209,142,49,110,154,0.3076878471231936,0.21370803015991857,-31.09618091583252,0.9191863227749959,101.69931460887132,93.03544823115479,100.89026071186711,121.29985072488505,94.20092408359099,104.33671636752362,122.3208456122149,95.1649132543976,15.9247456365816,0.11901682,113.328,0.4152652,0.10100686550140381,-5.166160246257338,"Seth Brown",18171,664913
"Carlos Santana","- - -",392,1579,181,60,178,201,0.32073060993164304,9.135027204885242,-12.809696450829506,4.935091580416705,105.47434095464953,93.13335359659712,140.4863248003254,76.78863865004101,101.91174309096596,102.25767295562589,116.49584634568816,82.75129825701127,14.466753520880046,0.07699194,111.676,0.39749329,2.314804822206497,9.338749483938424,"Carlos Santana",2396,467793
"Anthony Volpe","NYY",283,1156,151,32,138,106,0.2934333159484797,-11.188775957147172,20.905355721712112,4.928635252172882,86.75185317107318,93.26139971966234,88.73989279338734,110.62512297541134,92.35351807402587,94.33237851741758,95.84266150476395,97.47093417732007,10.465788341703869,0.06485084,108.717,0.38780804,-0.6625193059444427,-20.3333548065783,"Anthony Volpe",27647,683011
"Gavin Sheets","CHW",352,1151,150,33,88,134,0.2914226610174578,-24.8345016248754,-31.22525930404663,-1.8428021520562008,85.54354580958994,93.41693804797707,96.88589690233051,91.58826527688497,93.57845842564998,93.79247780847439,94.57442733170922,89.99194376920421,15.29103880481273,0.05889571,110.029,0.34601227,-0.017907515168190002,-20.295093958102797,"Gavin Sheets",19901,657757
"Myles Straw","CLE",299,1114,181,1,124,61,0.26230431136558974,-33.81714915661402,12.077091574668884,1.5301804768390492,66.7564651114477,93.5215209998059,105.92473771912778,72.78290796339815,94.48826578303145,70.74179649493098,35.213722185227844,94.35237577296039,9.619971485819976,0.00601685,106.15,0.24909747,-7.540476083755493,-46.44888736112304,"Myles Straw",17620,664702
"Geraldo Perdomo","ARI",353,1232,180,12,166,109,0.2903453629842019,-20.744465667133483,16.18030297756195,3.8128422644887627,81.97031939681253,93.7232596502571,125.30653504001066,80.90160414579393,101.39657061221105,78.66934388268741,55.31393675597348,95.18020742402058,14.915776067740927,0.02088167,109.797,0.23549884,-0.9495930932462215,-22.566767908477487,"Geraldo Perdomo",22799,672695
"Michael A. Taylor","- - -",348,1111,160,34,129,114,0.28902914292583015,-16.941451079268766,23.639427304267883,4.432564329589139,82.47896108481596,93.75262847697317,90.5337864690572,130.80973513981405,92.17033552492988,92.6727356008514,90.16916804014107,103.28954522984901,12.669089226973684,0.10071942,114.349,0.35971223,-2.5079089552164078,-21.6479289052643,"Michael A. Taylor",11489,572191
"Jeimer Candelario","- - -",375,1502,173,55,173,176,0.31228340981162594,-5.941952131450268,-13.612523376941681,3.028718473486716,97.36263087054704,94.42994246008239,85.34211037873635,103.76132933814188,94.42137726463883,104.83031231216901,120.95010574623815,92.01957178767367,13.440134142512635,0.08129285,111.325,0.3496572,-1.1586161255836487,-0.7825356631019145,"Jeimer Candelario",13621,600869
"Jesse Winker","- - -",313,1173,162,26,122,124,0.31622855742908507,1.4794460359970856,-27.741180116310716,1.2993473385909289,106.76002384975818,94.44326805078566,172.18584595908288,94.31579956005523,111.12315872955388,88.0770048593193,78.22747927893133,96.10673516808453,14.78457039497994,0.06970509,109.982,0.34986595,2.423736646771431,4.220277550817542,"Jesse Winker",13590,608385
"Anthony Rizzo","NYY",299,1260,159,52,154,144,0.32203953911186883,3.281457481417423,-17.667056422680616,2.77691863085984,108.40304617486626,94.55762158945382,109.49867438631127,86.46445651748907,103.46106218613484,103.13672074164397,117.55318436828873,85.75918131629783,17.70771131537733,0.07897793,113.284,0.37630662,1.2311930060386658,9.068802179745948,"Anthony Rizzo",3473,519203
"Isaac Paredes","- - -",372,1449,157,69,167,206,0.3420081304202182,40.815413377687776,2.28645496070385,9.270950410891357,125.71499870332178,95.10398455977422,135.01076524435797,76.60265022759074,107.33517657400604,111.65935443574497,137.42939103287753,81.15392812664864,20.71019436483278,0.058,110.449,0.302,2.592354476451874,33.81340435144722,"Isaac Paredes",20036,670623
"Eugenio Suárez","- - -",433,1807,215,71,204,252,0.3243880438158112,21.930200222947526,14.119694389402866,9.852128304683855,112.99073899993205,95.23615611341691,123.96195743345977,133.03181894752993,102.5068187392992,105.34361059259948,121.59654358953979,102.8872825648634,19.331801113617352,0.1259542,111.422,0.42461832,1.8340939581394196,15.700509412282038,"Eugenio Suarez",12552,553993
"Willy Adames","MIL",412,1787,206,77,224,263,0.3241519293066757,13.261300304457098,36.562355142086744,11.41328336681411,105.82729301350153,95.45352734064122,116.7294106845624,115.59956757401457,98.48764923237358,108.30108603763256,128.23599840278717,95.03692321926145,18.795217164805237,0.12390158,112.287,0.39894552,1.5972532629966736,15.605946907791793,"Willy Adames",15986,642715
"Jesús Sánchez","MIA",337,1151,143,42,122,136,0.312211982190713,-5.685958747188314,-6.133911818265915,2.8075822366522507,96.5216436738685,95.53771878550188,90.9380983575287,118.40519914446415,94.51516304200942,103.90400726873355,116.89384660338125,99.01561886602701,8.233848386697693,0.11646586,116.442,0.46720214,-0.9257562011480331,-0.6903796171720473,"Jesus Sanchez",19913,660821
"Nicky Lopez","- - -",337,1105,188,1,112,62,0.2665390041566664,-38.03411919869848,25.63326320052147,2.40413971292706,65.78654386734915,95.7682454708305,90.77173510809996,63.403935340873375,96.23176835856854,71.74721673304283,34.2017442305691,95.0938706641408,4.375039175967545,0.01173709,107.763,0.20774648,-2.9169327095150948,-40.60070432782538,"Nicky Lopez",19339,670032
"Adam Frazier","- - -",379,1297,196,19,147,120,0.2822180240998472,-22.975338024997956,-8.305155165493488,1.1479199973435636,82.70822002092588,95.93521302279214,91.98959719156531,63.57862890297602,95.62391736204174,84.15609181464279,65.33593960451825,89.94026489728193,14.483041425343686,0.023,106.683,0.231,-1.7054727971553802,-32.097491754198316,"Adam Frazier",15223,624428
"Jorge Soler","- - -",315,1333,148,65,174,160,0.340368052683265,18.7823213994647,-34.51429092884064,3.0271340957337154,116.25383291666671,96.2286539774392,132.41576329598092,114.34079572987805,103.60027317320086,113.06062121844445,138.8423721760999,94.0438693777471,16.984121833570075,0.13164251,117.647,0.44806763,1.1817965507507324,29.075427614539358,"Jorge Soler",14221,624585
"Byron Buxton","MIN",267,1064,102,61,164,142,0.3445573013195106,38.928316253457936,-2.9581543803215027,7.33594307813138,124.420064827615,96.58800932547543,100.18089031018988,130.9228701340762,99.65352211707572,124.5907458635386,168.56641864273365,96.2010568785697,20.63058214989778,0.15109034,116.93,0.48130841,2.40416944026947,26.849808898509266,"Byron Buxton",14161,621439
"Matt Chapman","- - -",418,1728,194,63,232,191,0.33159758686466173,35.122927395759234,14.562063455581665,10.983799204686377,115.87323203576719,96.7963482494866,133.14393378012906,118.79738538577334,105.00128954841969,107.65390985513683,124.90230543999733,101.55413227059964,18.0493960021449,0.14245014,114.276,0.51661918,-0.8015484064817429,25.907928087415257,"Matt Chapman",16505,656305
"Jake Cronenworth","SDP",405,1715,225,42,199,208,0.31315161251867607,9.422521329512312,-10.376710891723633,6.004107078234947,103.25783808654025,96.93500642680245,108.38636525261234,82.75412446408414,101.75617565733022,96.78225875720462,96.56619596991402,93.03372142655628,16.05710567451678,0.06151288,109.728,0.34995844,0.661501407623291,0.3106248271925893,"Jake Cronenworth",18036,630105
"Jorge Polanco","- - -",269,1127,147,42,126,137,0.3238768542607625,13.702340190130094,-17.425675570964813,3.3944983515620413,111.70367433832857,96.96280881114322,146.4932764762496,113.54217400539596,105.76509778425998,101.80459686490755,109.37771303313862,99.12335234949558,20.504830724442126,0.11318052,111.373,0.38825215,1.8795776963233948,10.166313448752085,"Jorge Polanco",13152,593871
"Connor Joe","- - -",344,1290,167,25,162,101,0.31706149847217086,-7.885655014648375,-14.588366612792015,2.1975223240814974,95.84678515442755,97.30989148169101,124.26192036958557,96.31857180027941,104.48716530426456,94.54751757653096,90.14637743248473,100.87263713659338,13.776087593159682,0.05854801,111.609,0.35948478,-2.9851627945899963,4.108537429605338,"Connor Joe",16572,656582
"Rhys Hoskins","- - -",253,1062,125,50,122,139,0.3353235929838546,13.814257921643552,-26.90830659866333,2.4578887661403583,115.52039900836061,97.36761536003613,123.54609230831655,114.82502022461144,102.7083941041949,112.84230749087953,137.19416623514815,95.29223147659691,19.316868715776057,0.11261261,112.221,0.42192192,2.1367915868759155,21.229879115235057,"Rhys Hoskins",16472,656555
"Dominic Smith","- - -",295,1016,148,18,97,97,0.2999309343070232,-21.17133922965869,-13.66724157333374,-0.0462552667470113,88.38695912024598,97.50536315361722,96.81197218622768,84.97831778569429,99.19361194869693,88.06480827093756,73.79940963560152,97.50940374756154,12.652822014353703,0.07489598,109.117,0.3481276,-1.977325677871704,-12.44788303550005,"Dominic Smith",15653,642086
"Jonah Heim","TEX",361,1341,189,45,150,192,0.3033238974767803,-14.856421607129159,36.92424684762955,6.731884253885354,94.29083063688844,97.98952352053108,95.07126847899376,83.59078073997345,95.61589166308542,99.03373974512871,100.88605488479641,91.12005848464551,15.903363793020727,0.07244898,112.418,0.38979592,-0.5518291592597961,-10.702877777676912,"Jonah Heim",16930,641680
"Lars Nootbaar","STL",297,1118,141,36,149,110,0.3355479505743912,23.546034046459074,2.6887357234954834,6.597394655499253,114.79322117347469,98.41498671924879,162.51681584556195,90.46857202334544,109.1763603886776,102.9541748771218,110.19211101170517,95.03703155651792,7.895650958488001,0.09945504,113.459,0.43188011,1.034804791212082,19.670464772741372,"Lars Nootbaar",21454,663457
"Hunter Renfroe","- - -",365,1427,178,60,159,176,0.3208489923246121,-1.8536622139563121,-21.790613427758217,2.5937966285593435,103.20383044282823,98.47990887532173,96.83180273029936,95.63649966268392,97.1056275131697,108.22773004433324,123.30396461071238,92.41886100046418,16.26659411089278,0.0775428,113.186,0.40584089,-2.477288283407688,8.312890026538327,"Hunter Renfroe",15464,592669
"Andrew McCutchen","- - -",347,1490,207,45,180,152,0.32575810825415885,5.65795144014022,-31.64107769727707,2.5539444925086645,106.41635101184065,98.48855774725136,144.56770528738673,100.95042153271498,107.64122521733906,97.47055773110075,96.04048882552776,99.54323665359118,13.1020920264133,0.09014675,110.565,0.4067086,0.3831208795309067,15.853016452341887,"Andrew McCutchen",9847,457705
"Ryan McMahon","COL",424,1728,227,59,204,191,0.3250804745409809,-16.16020074824322,24.611862897872925,6.968757465272317,94.29489714286969,98.66191149217316,127.06770504825751,129.40713699034433,103.12546773383463,103.13478087024959,109.97638764755591,108.99418831209691,9.97281135110294,0.11057226,113.716,0.46556741,-1.3183626532554626,16.513855458120965,"Ryan McMahon",15112,641857
"J.D. Davis","- - -",305,1068,149,34,120,110,0.31958712171500836,3.1521919545028485,-10.952066630125046,2.90269384489548,105.43985565497826,98.88181720459411,112.73759770396418,130.69094242062914,102.31964990035827,98.89378224716127,98.95574697084307,110.58579034574416,8.381500924047236,0.11459969,112.716,0.47723705,-1.0690677836537361,4.497435080656793,"J.D. Davis",16219,605204
"Wilmer Flores","SFG",348,1298,170,46,142,157,0.32252178910156015,4.290719009904629,-18.862884268164635,3.0416873486773124,107.52822860735368,99.0019716864414,109.00039439149293,68.16189424887446,101.41726431695307,103.49800663823878,110.33406751841541,86.70609436527637,21.319354541117562,0.06770833,108.722,0.32708333,2.242344856262207,10.468550424060291,"Wilmer Flores",5827,527038
"Adolis García","TEX",423,1785,215,87,257,270,0.3287296501657121,31.484896273463495,-10.941778779029846,8.05005427721407,112.07365068993198,99.21079463121198,96.38027182350568,120.47831073769927,98.21305705209086,114.9314215863765,139.15403964908114,98.583105256978,14.671422760599736,0.13847502,116.077,0.485539,2.109264850616455,22.82607427995605,"Adolis Garcia",19287,666969
"Orlando Arcia","ATL",326,1222,184,37,125,129,0.3019921953560876,-20.165688542671155,12.62278650701046,3.4653251920184758,88.91288288618952,99.2536890449435,83.67838039037359,89.75293423845297,94.63336303378694,96.25747702630557,91.67552734196303,95.1789570055475,7.866177430728573,0.06349206,109.386,0.40136054,-2.879887282848358,-11.85711632904003,"Orlando Arcia",13185,606115
"Pete Alonso","NYM",438,1879,210,113,258,318,0.3521052794847627,59.682735473419115,-39.55838763713837,8.686500361081588,129.76920913382864,99.2579336689933,116.2640359130163,95.28769744044999,105.03566164471935,123.21373266851236,160.06648956397805,85.86363391499032,17.170812109375,0.13189448,116.542,0.42845723,4.242770999670029,59.20381748540191,"Pete Alonso",19251,624413
"Cedric Mullins","BAL",386,1504,204,44,191,179,0.3088237480720151,8.959687118344021,7.145309031009674,6.71200626784028,101.10990180775708,99.34617008182187,94.60813425167018,90.62635980272573,97.96811650927462,101.39010839680962,104.28244446790791,96.24740652294597,20.17002907020672,0.05337079,110.532,0.35580524,1.1071089208126068,-4.816775453351427,"Cedric Mullins",17929,656775
"DJ LeMahieu","NYY",322,1308,201,29,145,114,0.3089989433350739,-11.505324898266922,6.718692719936371,3.9455064214720115,98.6722701965893,99.51366778767614,136.95255578284278,77.06826230084215,105.76412556972798,90.49717695085927,76.33550797531797,95.44046745908,3.1218710018319844,0.05621622,111.244,0.41081081,-0.42454075813293457,-5.124677153749149,"DJ LeMahieu",9874,518934
"CJ Abrams","- - -",356,1426,205,37,187,144,0.30610995579102857,1.370625097912587,-8.96572756767273,4.161218193473763,94.61362160134037,99.77314435977479,60.390840851064354,84.75391549256639,95.40042617466288,98.96558783185661,97.7227366736385,96.1761707769486,12.467559281136225,0.05741627,112.501,0.35885167,-0.8969850242137909,-8.9394331363469,"CJ Abrams",25768,682928
"J.P. Crawford","SEA",367,1576,218,34,193,139,0.32351372484948226,29.77743761170049,2.0704994201660156,8.486791121406057,114.52503469978306,99.81970705152689,155.01472864849185,78.79040339664759,110.84827693165724,94.1553458235502,84.97787143512664,97.02942486059804,12.106138012258937,0.04267161,110.743,0.33858998,1.4540594220161438,13.466135204987122,"J.P. Crawford",15491,641487
"Brandon Drury","- - -",332,1346,173,55,170,180,0.31943644452590997,-3.6319112738683508,-0.5871894755400717,4.265013241968401,102.16641791311721,99.89227602929937,76.01893129656504,103.42090445944183,95.65353313934882,109.11304973072585,123.28709872029981,96.41560100253011,11.04081472037796,0.09307359,113.748,0.42207792,0.3592497706413269,6.590949553242357,"Brandon Drury",11615,592273
"Miguel Rojas","- - -",342,1174,196,14,110,93,0.28034528266475994,-35.10274046069446,30.076369524002075,3.632398847605856,76.64765900404625,100.17091672703637,66.15225883261579,50.78124038073878,92.92706907689328,84.13389954809801,59.35115933888628,91.18110301111298,10.313972152581735,0.02286902,109.13,0.28586279,-3.5625039935112,-31.239081453685344,"Miguel Rojas",7802,500743
"Sean Murphy","- - -",306,1233,153,46,144,150,0.34034509979873484,26.15291760091775,41.83870780467987,11.10295253116601,119.79081840413416,100.4543448435419,119.92213776314328,96.77199630799402,108.13155952536233,109.22791257188729,122.83587954858677,97.50297605957478,11.761236346209492,0.12207152,114.675,0.41800247,0.08936382830142975,27.49944115684473,"Sean Murphy",19352,669221
"Chas McCormick","HOU",313,1094,159,40,132,135,0.32442224538806597,11.866763974126515,3.3354532718658447,5.201518189215599,111.02359358126083,100.55213826015932,114.42962427218379,116.93412054161473,104.15030855285508,103.04524760091721,106.8479506520898,105.21398374999038,13.888148716517858,0.10043668,110.165,0.37263464,1.5498347729444504,9.894715672411111,"Chas McCormick",19599,676801
"Keibert Ruiz","WSN",343,1354,217,37,123,147,0.2963836924035168,-26.48628034414793,-11.421452105045319,0.9233886147958406,87.7557623311324,100.57126014690935,62.38730114575414,47.6945492553151,93.1853195716467,94.01553892076434,83.89481242972904,86.32751760576353,16.64904532445432,0.04553571,110.058,0.29732143,-5.057820200920105,-18.902774271742203,"Keibert Ruiz",19610,660688
"LaMonte Wade Jr.","SFG",298,1058,154,29,129,91,0.3348861275107096,16.274834344933524,-19.691795587539673,3.319804275127568,115.17381268884178,100.58262538086728,163.85061051641,88.91357744611051,114.00783794438047,96.00185578348066,88.82618322569142,99.38800683224824,16.70793743615342,0.09064327,111.542,0.39327485,0.7914403676986694,18.013244103944643,"LaMonte Wade Jr.",18126,664774
"Jonathan India","CIN",337,1440,205,38,189,148,0.3256400618417207,3.0702787702470453,-12.99179008230567,4.014436399496714,101.5947974941709,100.67414359277159,118.30585839201801,93.7133450846545,107.45083299770808,97.3346662895631,92.08202935380848,100.54062255055184,14.141137978299525,0.06910995,111.381,0.35287958,-0.3069942891597748,14.420298115307036,"Jonathan India",21523,663697
"Christian Vázquez","- - -",292,1024,166,22,98,108,0.2845608552218889,-35.08972208077279,38.73700565472245,3.8283352220767615,80.56980801340862,100.69130585743949,66.9289348783412,86.43438335203251,92.41630537853142,90.61833431774161,74.9407594355275,98.56916063429406,11.83710056780504,0.04456094,109.546,0.34862385,-5.11976383626461,-24.086534897482068,"Christian Vazquez",9774,543877
"Kyle Farmer","- - -",339,1126,170,26,124,143,0.3037315412281033,-17.50991581754503,9.56984269618988,3.126404097211654,91.25549833294559,100.70666420698677,75.81087782711698,86.25196348411745,99.04023279390907,94.05686819746364,83.79047250839832,98.35948754329597,13.542439319734884,0.05099502,108.731,0.32089552,-2.5848808884620667,-8.251967154459331,"Kyle Farmer",14813,571657
"Harrison Bader","- - -",290,1010,167,20,130,111,0.2865027277952149,-13.710644896187492,17.69008445739746,3.951815026208477,83.4593432043186,100.89967404951801,57.10087747472016,85.6299854395497,92.45090092525524,90.43312903074575,74.16063920543732,98.69423011536163,15.05882098168652,0.05053191,111.673,0.31117021,-1.210740141570568,-21.968105424240836,"Harrison Bader",18030,664056
"Anthony Santander","BAL",424,1813,215,97,233,264,0.34239989120877296,46.4548779349478,-31.386921525001526,7.632662918608881,124.07903515430903,101.0259998053193,101.40340609080461,90.8052547612625,101.65186675450644,119.99375583840501,149.38293492510616,89.05473138026319,21.638971879948535,0.11146245,114.366,0.43794466,4.060266673564911,42.856984870571836,"Anthony Santander",14551,623993
"Bryan De La Cruz","- - -",387,1493,226,50,146,174,0.30393639577163634,-21.79357120380044,-32.30378615856171,-0.2852951450056638,90.58681537108657,101.20116565007807,67.64648294007056,110.74033296009603,92.38667760798441,100.59229935940522,99.75502762611993,103.02917296232677,11.935369372367859,0.09990301,111.168,0.43161979,-1.2511034435592592,-12.003606522309184,"Bryan De La Cruz",19600,650559
"Spencer Steer","CIN",305,1276,165,43,147,169,0.3371939590398003,16.432817592087705,-28.030603408813477,3.231929743978356,108.36081194055882,101.21714512162796,121.35100542072217,94.1232297984146,106.02070742913452,106.49040857725008,114.72523675489708,99.03422713493386,15.68968544543629,0.06658879,110.554,0.37850467,1.7700502425432205,23.746719433262513,"Spencer Steer",26323,668715
"Ha-Seong Kim","SDP",423,1678,251,39,202,166,0.3180359627093844,20.404436265338155,25.854586839675903,10.617034308194198,106.0583492025169,101.29121495292634,129.1689580450457,79.90325324030391,105.80206569755852,94.80387394858573,84.83125089960801,97.76573769673091,14.91215368747299,0.04403048,109.366,0.30990686,-0.05357836186885834,6.544309633072412,"Ha-Seong Kim",27506,673490
"Randy Arozarena","- - -",423,1791,235,59,226,214,0.3350198101544007,43.0766702646313,-31.35238227248192,7.209506850891704,121.48247865450105,101.36329476512786,125.33525158172418,108.45368543153566,109.10452785563223,105.49557196607529,111.99019654866476,104.65398517952195,11.067631363337004,0.09591474,114.258,0.43960924,0.4512598365545273,31.740532635051544,"Randy Arozarena",19290,668227
"Lane Thomas","- - -",396,1631,229,53,210,178,0.3171909948494594,8.71907864653382,-13.239599496126175,5.2073326628582475,101.81776284131247,101.37845041899678,83.52646226722868,110.13742504482087,97.58922468184956,103.76196950381966,107.35662075192889,103.66669766594869,12.884145792792825,0.07783883,111.431,0.38553114,-0.042885154485702515,4.926327174556138,"Lane Thomas",16939,657041
"Jake Burger","- - -",293,1146,143,66,144,161,0.33976082102610516,21.079505157158295,-19.565016210079193,4.064319266504169,116.24836018743854,101.57676265404464,68.22206468358935,123.14382888658233,96.63155731780118,121.5227640670731,152.1705498604206,99.38151053622303,12.642174928084664,0.15135135,118.236,0.47702703,-0.017133481800556183,23.92801285252399,"Jake Burger",22275,669394
"Garrett Cooper","- - -",278,1042,149,27,85,122,0.31383688870867477,-7.271973411805517,-15.854663223028183,1.3047537206117021,97.79115548269735,101.674274661374,87.90742898914439,122.30574893107733,99.10860789396597,99.36412654481266,95.77978712358586,111.80487076375071,11.197184797146022,0.10391566,112.568,0.41566265,-1.4102957267314196,-0.04102919788245052,"Garrett Cooper",15279,643265
"Ke'Bryan Hayes","PIT",356,1481,242,26,158,127,0.2946405642898281,-23.709086757764766,36.614338755607605,6.51586999213904,84.6679717248164,101.71993380916892,79.1470347053324,90.4481971465237,95.73216464702736,90.82844766444664,73.6549514753106,102.69482757147487,8.009116073393486,0.04757463,113.114,0.46268657,-2.6232041716575623,-21.934393097326705,"Ke'Bryan Hayes",18577,663647
"Tommy Pham","- - -",358,1455,211,40,184,160,0.3166923183932429,2.4391456011230446,-21.857516705989838,2.976572064098678,100.12331398288836,101.7285324272529,108.54847287631968,105.96835173433637,101.90399992771427,99.55949786568927,96.19608106953389,105.16012671197352,7.9741774119776805,0.08592133,113.737,0.46480331,-1.4022705182433128,4.700192538789877,"Tommy Pham",2967,502054
"Christian Walker","ARI",424,1789,216,92,232,268,0.3482761650758221,42.72994989087407,-0.009365558624267578,10.665552471330775,121.5616260673006,101.82578955754333,118.14603868509094,92.57112503633243,104.63188223529762,119.27754964829582,146.29967247254277,91.08531834863034,16.604969609117585,0.12171053,114.328,0.43092105,2.9152417480945587,50.79933022545252,"Christian Walker",13419,572233
"Josh Bell","- - -",426,1777,251,57,179,203,0.32672523315594226,6.774532285918859,-46.00478142499924,2.2653115908772636,109.11664428472079,102.24755086067027,123.62608657979453,83.51147352597089,105.21437462874562,103.26082858271786,104.83843934053179,96.61780863845738,9.621909320499721,0.08353414,113.977,0.40722892,-0.3128889659419656,19.582756393988994,"Josh Bell",13145,605137
"Ian Happ","CHC",434,1826,227,60,228,225,0.34265394965130397,45.58374201916615,-16.288848966360092,9.424548331068685,120.09491467310154,102.28238681846389,142.20254849220694,106.31290268994998,109.45501802133275,108.59182165465913,118.45855918335717,104.9649754883255,12.825279469460849,0.09027778,113.971,0.40625,1.620444893836975,43.412399027873676,"Ian Happ",17919,664023
"Max Kepler","MIN",342,1307,185,41,167,150,0.32036406701552,6.516801595829307,4.946350336074829,5.536277839675297,107.16564428937394,102.35802339452253,107.92595446138596,83.21524274583207,102.84907876068029,102.86311282488924,103.34497065759352,96.63340634119272,14.258869479110603,0.08798283,115.392,0.42167382,0.7974213361740112,7.810273938488096,"Max Kepler",12144,596146
"Matt Olson","ATL",448,1942,218,109,268,305,0.3623142712701135,66.6236863732681,-30.315243661403656,10.44108999664785,130.1364941450584,102.53059244563354,138.33195233927563,109.80943925028986,108.6771790901906,124.94460211813954,159.37576969613033,97.16315857464436,16.013235118894272,0.14121511,118.618,0.51231527,5.510855853557587,78.26252197431106,"Matt Olson",14344,621566
"Bryson Stott","PHI",391,1543,249,34,189,157,0.3040703336397807,-3.892813786357216,17.699333652853966,6.755056186921984,91.67965095283506,102.6567347768311,90.52637268547986,74.17429919302832,98.5202674600471,93.74903735938202,80.07226179352939,96.87226510279449,12.405966165182473,0.04321521,109.814,0.34140017,1.8866205887752585,-11.750990302726201,"Bryson Stott",26294,681082
"Thairo Estrada","SFG",347,1417,227,37,175,154,0.3031351137077008,-6.426143534935402,24.855538569390774,6.842702480739029,94.4011969412832,102.67201299706103,54.08064161659498,86.7799331403669,94.9369008955463,97.053992257549,88.45512891411592,99.4759673906483,9.66840539526986,0.04684512,110.463,0.32217973,0.07995158433914185,-11.651670880603927,"Thairo Estrada",16426,642731
"George Springer","TOR",403,1746,259,60,234,194,0.32352775740225426,27.510841150590466,-18.872677251696587,6.818426396992905,110.46956766441764,102.67798788469977,113.61527789767976,80.6486850299404,103.89930492785109,103.66389788265774,105.57657040833854,95.2927639893255,11.886222199470765,0.08226837,115.93,0.3985623,-0.2410098910331726,13.989649543826715,"George Springer",12856,543807
"Josh Rojas","- - -",340,1241,194,20,153,120,0.3049523761919483,-1.570641533324225,9.875713884830475,5.2060534035452,96.42391689899316,102.80499306032331,115.71953927855252,93.82874018231632,103.35289123532516,90.38609674561764,71.36149437820978,106.39790635676559,13.198456544142504,0.04918033,109.065,0.34543326,0.6430556327104568,-8.035315431507033,"Josh Rojas",19734,668942
"Dansby Swanson","- - -",423,1775,269,56,225,217,0.31981539255605873,15.178445567533016,56.40737199783325,13.610366074498774,103.47574815174676,102.93766759135312,101.29269528197776,112.06998111211495,100.98299989965189,101.7710338005373,99.87172246187322,107.40278282397495,13.344335559313146,0.10300429,109.761,0.42746781,-0.021103620529174805,9.344206348217666,"Dansby Swanson",18314,621020
"Jazz Chisholm Jr.","- - -",272,1115,156,53,148,157,0.3367373488762749,29.1317904287102,4.563942134380341,7.375019311795679,113.53174077743907,103.04663801445595,95.9775148274448,122.7837495470401,100.60089950354345,115.46038079945089,134.58419238719418,105.52124093503683,11.668137395104697,0.12552891,111.642,0.41184767,1.491728856228292,20.977867438745715,"Jazz Chisholm Jr.",20454,665862
"Whit Merrifield","- - -",356,1384,230,26,169,138,0.29544002474694253,-14.32742481972258,-4.328185576014221,2.769727755143508,87.96544893998873,103.18340322844577,88.42598423533899,69.48068989960912,97.8915975507582,91.25813068104397,72.93254814225585,96.80447319998721,14.762890403900292,0.03204524,107.639,0.26295947,-1.3871558904647827,-20.402854608978885,"Whit Merrifield",11281,593160
"Willson Contreras","- - -",317,1318,163,57,165,157,0.36073447446873846,46.15952421133376,-8.254131227731705,8.532845341412632,132.39060055846033,103.56720633481416,124.48493534134342,103.04605803950295,113.1006302600358,115.57862367552548,134.29090351483558,101.92924997833579,10.441650687272174,0.1147343,117.517,0.46980676,2.1759260669350624,50.655967230116644,"Willson Contreras",11609,575929
"Corbin Carroll","ARI",308,1274,167,42,217,140,0.34362365517623816,49.139642004775695,-4.662516117095947,8.912765508618959,117.43066722718852,103.59734675529285,108.92506539068454,87.2369187741385,105.73091070617376,112.39301371254444,125.97857732898052,99.41022496324308,10.963463243178705,0.06440678,113.756,0.38757062,6.374433070421219,30.623909935275904,"Corbin Carroll",25878,682998
"Elias Díaz","COL",330,1234,200,28,103,159,0.30160482890613666,-39.9940190404016,-8.583660185337067,-0.6686740269602518,77.94558993622556,103.61877331075402,72.28207032352272,95.33176093713992,95.75875067161648,95.37265194234423,82.62654054168026,104.42653154430613,10.979733411769411,0.05530474,111.796,0.36907449,-2.6794949769973755,-12.015997417766174,"Elias Diaz",11680,553869
"Ramón Urías","BAL",315,1074,168,27,120,118,0.31094686673066324,3.2042247557581742,-4.762942731380463,3.4866408431314015,102.25600332193031,103.65950453528401,86.81473629590575,99.28141776098258,100.96676523616992,98.31103801671627,90.47348798497214,105.66420198679738,10.01353056534477,0.08232119,110.044,0.41430499,0.09351556748151779,-2.0268979181966404,"Ramon Urias",18795,602104
"Willi Castro","- - -",359,1302,193,27,178,112,0.31493903460047096,11.485053202660453,7.513505756855011,6.286691432825939,103.41452916521402,103.6799302380379,82.40159821955557,102.9592636781544,102.99214005551805,98.71819159480685,91.01828359160154,109.06611296270758,14.09613222064394,0.05701254,114.228,0.33067275,1.6318544745445251,2.3456321582772546,"Willi Castro",17338,650489
"Brandon Marsh","- - -",368,1289,191,35,148,157,0.3243177925089778,15.95341971731442,6.392954558134079,6.657373119853258,105.82054612347923,103.69566009562594,112.94880732364297,145.74891116950062,103.8624716477157,102.92617124012158,101.70921792790372,125.12228326839521,12.23000367219783,0.08265583,110.554,0.44444444,0.7839569747447968,11.990533984086243,"Brandon Marsh",20202,669016
"Ty France","- - -",402,1671,258,43,177,175,0.32011795415803923,14.849990733347987,-35.597689747810364,3.5300518633274285,111.8740213899382,104.08141191898224,79.05650509894491,80.02705657259422,105.8453772469182,98.07656939149706,89.03878068782089,99.87759799924939,12.10057297974147,0.06616415,112.716,0.37688442,-0.4354684054851532,8.764718055173908,"Ty France",17982,664034
"Matt Vierling","- - -",361,1323,212,30,164,122,0.3055479010337235,-6.404241834172648,-3.710531048476696,3.5142072784843568,95.20264655469724,104.24589345437695,81.85135507218484,92.24361521484806,98.22652936259209,97.28961024839606,86.66575825055182,104.23519537443472,11.09665427801435,0.06131078,113.031,0.42706131,-3.17427197098732,-8.513646786903632,"Matt Vierling",21558,663837
"Tyler Stephenson","CIN",296,1076,162,35,134,138,0.3273048954152217,-2.5860853523526464,-5.1003900319337845,3.0473370273206006,102.16159139050211,104.26808906298528,101.37800319895989,105.33708991128452,103.30118006826667,103.97965163240733,103.796971390941,106.41078410514382,10.05323085118007,0.08368201,111.065,0.42259414,-2.156571865081787,10.963810245269151,"Tyler Stephenson",17988,663886
"Will Smith","LAD",363,1564,214,59,206,225,0.34083942450659793,30.216845905665856,17.847215726971626,10.42763095353386,118.9415252637762,104.29808105443699,121.25095199784843,77.13205667593903,108.34221473607654,110.37378176704186,119.91391629708883,93.89058955641494,17.76231534090909,0.08983666,110.832,0.41833031,2.5794084072113037,34.99400566776897,"Will Smith",19197,669257
"David Peralta","- - -",329,1087,162,25,110,136,0.30854431773423047,-6.673254990060124,-12.563178695738316,1.8445410118189036,97.74425947667025,104.29983941108385,81.34367542124046,90.68736137003063,97.91998784536256,100.08584652410077,93.61896430445144,103.14853523245301,11.431946112981537,0.06632653,113.007,0.43877551,0.9856484532356262,-4.426554533694182,"David Peralta",2136,444482
"Leody Taveras","TEX",360,1316,212,28,151,136,0.30108312657992287,-7.941906076748992,7.99010306596756,4.423261837491185,92.3605013620707,104.3039903957699,82.56797118494197,97.19666249250096,97.36562082917958,95.8227862010283,82.59888966459431,106.41153650586742,11.59969066636531,0.05989305,112.923,0.39251337,-4.007070064544678,-13.455535457362558,"Leody Taveras",18900,665750
"TJ Friedl","CIN",258,1008,145,35,128,124,0.3378652510819612,19.275339331623595,-4.972891330718994,4.913172481318047,108.77730200392057,104.37052766626825,94.77208750138259,73.46186142712129,104.89177926608954,109.17577036359462,116.70840348235711,94.48431879626182,17.356535708591473,0.03537415,107.236,0.28707483,4.173997163772583,19.328700432233937,"TJ Friedl",19522,670770
"Jurickson Profar","- - -",400,1692,246,43,208,177,0.3317705218946374,17.811901179963762,-32.725837364792824,4.534210986740705,111.32746432218806,104.42168137730094,126.17465147008818,69.96924788994603,109.14935341101784,100.87966011965173,95.49491971951429,97.23142866996062,13.321260461728436,0.05159705,109.731,0.35872236,2.054588258266449,25.83989868395221,"Jurickson Profar",10815,595777
"Tim Anderson","- - -",267,1116,228,7,118,59,0.26821356466532825,-37.719971823202755,6.188448786735535,0.6283456237165226,68.59431840164832,104.42411818042284,51.220007742549925,96.56701619375052,93.0915312446834,77.50685343528542,35.72653639533631,111.20948660666181,2.323099058932484,0.03676471,109.576,0.37990196,-8.127903163433075,-42.04034242376157,"Tim Anderson",15172,641313
"Mauricio Dubón","- - -",337,1075,179,19,146,106,0.2866842986267304,-19.99938527720039,9.771373808383942,2.56807029869677,84.07938463946556,104.44898707434203,51.078693956002375,58.22592683895616,91.76233104930405,92.30549056284119,73.76692681183272,95.0706186246867,12.793383873152267,0.03514739,108.299,0.28798186,-1.3180629815906286,-23.742957666907362,"Mauricio Dubon",16530,643289
"Tommy Edman","STL",290,1158,182,26,164,104,0.312144309101055,8.30361165142617,26.116703987121582,7.671126413029977,99.01307057383633,104.70477928550402,81.84041440775496,74.89081404403149,99.49892852243548,98.39414288952841,88.6100376869555,99.7250063908851,8.156043332122094,0.05632184,112.818,0.38045977,1.6009468734264374,-1.664564488092449,"Tommy Edman",19470,669242
"Maikel Garcia","KCR",252,1053,184,10,137,101,0.287385095508044,-19.26560067791413,14.919636249542236,3.114046360805904,77.58775474653721,104.72737765702176,81.56850004002733,84.3216846187939,96.94908924487282,86.38843664287836,58.68053087107638,106.21509437875199,6.796516418457031,0.03856041,110.019,0.46272494,-3.81405109167099,-23.36748808702375,"Maikel Garcia",22715,672580
"Mark Canha","- - -",383,1466,223,31,166,164,0.3298500038367453,22.693381415480257,-22.92305593227502,5.101363746475094,113.21230171386104,104.900928138536,114.74614530787377,80.34876968748324,112.36635801026875,95.45200073230468,80.91567030630306,102.4969389959123,11.440993340460809,0.04386839,109.385,0.36789631,4.860947161912918,19.78751489313829,"Mark Canha",11445,592192
"Ezequiel Tovar","COL",283,1187,180,35,147,130,0.30823654573382314,-26.50619252604595,27.140094339847565,4.177716555448413,82.02810055242443,105.11473906712763,43.34995365164996,123.80075221432332,91.1733853043519,104.83568129990537,104.5325892300293,113.78622992315532,15.15154475131522,0.08178439,110.605,0.37050805,-0.7124946191906929,-6.451631040975215,"Ezequiel Tovar",24064,678662
"Gleyber Torres","NYY",416,1738,264,59,214,189,0.32488595589832014,12.9353174638074,-5.20702052116394,6.612454560723976,109.70355608495493,105.57979550329686,107.40109650509322,84.9176623531345,103.71332662991428,105.36658365392925,105.36119418234149,99.37485921347015,16.297327698001013,0.08440514,112.391,0.40032154,-0.16579225659370422,16.326379399381217,"Gleyber Torres",16997,650402
"Marcus Semien","TEX",446,2031,293,73,301,244,0.32995452852042134,38.360139059049885,32.732372879981995,14.058376365324001,112.8251214838233,105.5951459035293,105.31842232451045,67.25394319455478,103.32376940318045,109.72327853175041,116.2306552041622,93.38457331891733,18.602341265594422,0.06501951,112.099,0.3550065,-0.35319748520851135,27.92778277365292,"Marcus Semien",12533,543760
"Luis Robert Jr.","CHW",311,1280,176,64,174,167,0.33269507003376214,23.114603418030782,9.693519711494446,7.609850101085911,113.55278897586243,105.6971209830495,64.80026444123939,122.35456045538842,97.6497522587054,118.14583542169143,136.5167541368749,107.74576202556445,13.443828966058613,0.12589074,117.823,0.4239905,4.536940798163414,19.901137115073396,"Luis Robert Jr.",20043,673357
"Andrew Vaughn","CHW",400,1642,249,52,174,208,0.3183973424327214,-2.1282950417762265,-52.80149865150452,-0.12776071007933743,103.99715442185297,105.74151826618015,73.05907937277783,88.72273969790238,99.74837057257999,104.9743754050738,103.74110327604676,101.77882858498417,11.53031656969833,0.08739496,112.247,0.46218487,-0.6673063039779663,6.65151659569986,"Andrew Vaughn",26197,683734
"Santiago Espinal","- - -",310,1006,174,17,105,108,0.2973456658632401,-12.242004528142589,3.5373526215553284,2.5459451367356696,90.61982493057089,105.85032262032539,84.47412234603404,59.614249156133745,99.91874322418934,91.3946808285193,68.61730233434716,97.483023278116,13.335513515326813,0.02512563,107.517,0.29271357,-3.496904969215393,-12.29164419738956,"Santiago Espinal",19997,669289
"Taylor Ward","LAA",350,1471,216,53,184,168,0.3347904088949363,18.047274065157623,-6.383014917373657,6.170243525740435,115.12624202567952,106.0170852056928,122.09450072661694,99.31294127241952,107.89041665251591,108.17395108610019,111.64765948886696,103.98736959839223,15.516209935897436,0.11111111,112.552,0.43017329,-1.5220612287521362,26.13587311743781,"Taylor Ward",17548,621493
"J.T. Realmuto","PHI",345,1409,207,50,182,174,0.3318771701651531,19.772002360927253,22.153458267450333,9.355544174691419,110.84659414668097,106.15805175152666,81.15576020952827,104.6249218724485,101.87901383717444,110.28572165256041,116.5330750555047,106.48234054522175,13.597675335494818,0.10669456,110.59,0.44769874,-2.5499922037124634,20.831363584989994,"J.T. Realmuto",11739,592663
"José Abreu","- - -",333,1393,224,35,157,172,0.3160331125310857,-0.02149011312561555,-28.66563630104065,1.8226488610228957,104.19863439682176,106.17193829199958,95.4458268316341,84.90552378274153,104.11504948993333,99.01560240893734,87.58382581295263,103.28246562599884,9.02173808495603,0.08525577,113.267,0.45837513,-1.4293659925460815,2.095022740060962,"Jose Abreu",15676,547989
"Brandon Nimmo","NYM",419,1871,266,58,261,203,0.34963245563696177,63.89451794840619,-4.4369635581970215,12.694005439633399,127.88168845530987,106.18702850544696,133.2358512457067,93.56592574219249,113.03043626497058,108.38621659368566,111.8156708344839,105.76521934921637,9.635487615229561,0.08787632,111.971,0.44589097,7.465043544769287,55.2748257857956,"Brandon Nimmo",12927,607043
"Cody Bellinger","- - -",369,1518,226,58,214,213,0.32677398217434916,23.95651037287454,-4.561969637870789,7.242946163500864,109.24227020164983,106.28867222040608,85.52132643615528,89.03493222344177,99.66658151571278,110.27242637567053,116.41488094611871,99.29759354475867,18.173773573431777,0.06855576,109.17,0.3345521,1.7674726247787476,17.552033088584643,"Cody Bellinger",15998,641355
"Nick Castellanos","PHI",417,1742,273,58,194,231,0.3186319871537987,-4.277489213351278,-45.8700795173645,0.9358059804044161,101.72726050576206,106.48736123744335,65.73532432974979,107.68833791202232,96.84161086032609,106.10140733504505,105.36510057894652,108.45693696809778,14.71695464607498,0.08340215,113.057,0.388109,-2.0497739911079407,7.614230535380425,"Nick Castellanos",11737,592206
"Francisco Lindor","NYM",445,1960,280,81,289,277,0.3450268766498712,66.83476031554682,39.6887629032135,17.825943449163077,124.86878196832306,106.7242341610423,102.8061913994232,84.50523686713743,106.27246113867643,114.0334924158423,125.27828572917146,98.1533988674038,16.612679036458335,0.10404624,112.439,0.43930636,7.887668132781982,50.64140888240007,"Francisco Lindor",12916,596019
"Alex Bregman","HOU",432,1889,263,67,261,250,0.34779351700154576,50.92637237019794,16.405560456216335,13.27360570956933,127.48813976237945,106.9904817739476,139.40159848394075,53.9479382646576,112.58185138225167,111.2350647338769,117.99945997466081,91.37447491722045,18.39775528169014,0.06192822,109.178,0.3877551,2.0704522132873535,52.65044893601866,"Alex Bregman",17678,608324
"Austin Hays","- - -",362,1362,201,36,165,145,0.31937878613440407,10.626051900709648,-10.761435410939157,4.5373875641786565,107.79500055309217,107.0725341032102,72.78773567863401,99.20566605358292,100.49435335374592,105.38629430460918,102.93613760916736,108.53412849446289,11.484397703277299,0.06910995,111.012,0.39371728,-0.7597269006073475,6.555674499400559,"Austin Hays",19363,669720
"Teoscar Hernández","- - -",413,1732,248,77,207,250,0.3368022767137046,37.943308030935995,-22.881267547607422,7.476991420302298,120.4785368087945,107.12780033148329,79.67868469095419,129.43845846045525,100.65962431890962,116.66481451775475,131.91406776896915,114.45204650200411,11.319265353385179,0.14416058,114.127,0.49817518,1.9101051688194275,32.32013850121858,"Teoscar Hernandez",13066,606192
"Alex Verdugo","- - -",413,1754,272,34,217,181,0.3107930526052203,-13.173243458982311,-15.990809559822083,2.8867649926143244,95.739858609474,107.16559443980009,90.09275343160621,64.70541691410747,101.34572327581562,99.40938763519084,87.18385554582841,99.19925810680623,9.012962008615114,0.05739514,112.444,0.3723326,-0.07586914300918579,-3.230875652882956,"Alex Verdugo",17027,657077
"Salvador Perez","KCR",375,1549,240,68,157,238,0.3212544273738375,-8.972576658245998,-15.564313232898712,2.7442275836783554,102.07610498007146,107.17567141870707,56.169887453957855,98.0508610672219,97.82078003670645,112.22752449249181,120.36884991693519,101.49673781941584,17.50508637389305,0.1065944,113.319,0.45076784,1.896776020526886,9.582142295776976,"Salvador Perez",7304,521692
"Randal Grichuk","- - -",338,1227,187,39,148,142,0.32342636171652345,-5.066548710538983,-22.476922124624252,1.492400976653293,97.35933300639587,107.26198101121386,65.64472247136793,94.03886791814705,98.54176616643994,108.02549048208134,109.119739534085,105.22536054916812,12.443653592196378,0.07248018,112.303,0.44620612,-1.2532263398170471,10.25713225655353,"Randal Grichuk",10243,545341
"Brent Rooker","- - -",260,1007,129,59,123,154,0.3642396427601932,45.58798871013569,-25.813897378742695,5.431350446402596,139.0223992294095,107.39686216468169,115.4524370389876,137.59384655002302,108.84007571218457,127.00949911379429,156.5682177421089,114.61325736945768,17.57412154099037,0.16351119,113.364,0.50086059,2.0963547974824905,40.68932255414547,"Brent Rooker",19627,667670
"Ryan Mountcastle","BAL",374,1548,237,53,177,214,0.3213156252752455,17.81847522734181,-23.01550394296646,4.649891897191906,109.69783568472346,107.40500879959632,84.04356416150503,104.25132558031744,100.15194226038595,108.20767098478703,109.61521088225423,107.26519306444618,13.193186757262325,0.12231559,114.596,0.45004669,1.5641546361148357,10.854272046130905,"Ryan Mountcastle",18373,663624
"Joc Pederson","- - -",357,1206,159,57,164,177,0.36681247783447896,52.36447890783664,-36.54315257072449,5.905706453913344,136.87296233487803,107.42998602932869,138.71445751092824,100.018070171492,114.85720549242677,121.57066277815692,143.6776470037458,102.95386288266796,15.40936489762931,0.13541667,116.623,0.50651042,7.4932944774627686,52.06542537157428,"Joc Pederson",11899,592626
"Ozzie Albies","ATL",302,1323,192,49,179,190,0.3332607549550951,18.671808106440075,-2.770288646221161,6.188731618716331,109.72142691053985,107.7035082757025,76.0113998363752,72.48461578009226,100.14375945084649,112.490825411053,119.61559276269523,96.43954039345084,17.360876355309074,0.06951341,113.708,0.34260179,2.309262990951538,20.850716360925652,"Ozzie Albies",16556,645277
"Charlie Blackmon","COL",325,1370,216,32,164,158,0.32621107890325435,-9.149849390917115,-29.457413136959076,0.8402677210992038,95.30302328354145,107.83223588643907,87.8018752323036,74.3030995347876,104.56513547530774,103.46645508173067,96.71433657743587,102.54745907160977,15.19717000729995,0.04827586,109.538,0.29655172,0.0449981689453125,15.137111519157298,"Charlie Blackmon",7859,453568
"Andrew Benintendi","- - -",379,1532,265,23,161,137,0.30778941191400444,-10.439917295142926,-33.57677364349365,0.7071427369712773,95.68582411218144,108.10109297239518,103.99556526647183,68.54978672176983,104.7162426526554,92.86893370968441,69.10889522388712,103.44474667589239,14.164997769316695,0.04400345,109.805,0.32614323,0.2968759834766388,-7.677907266091474,"Andrew Benintendi",17901,643217
"Alejandro Kirk","TOR",334,1228,212,25,108,140,0.31963538753440957,-3.153449512419428,41.573099583387375,8.090751650654644,108.14113129913522,108.15737609918557,131.26694425288693,50.63175351159073,110.87760558472675,93.98798473654007,72.02976020072893,96.01086004300242,7.984076231939289,0.06243386,112.852,0.41587302,-2.506378412246704,6.249819241597179,"Alejandro Kirk",22581,672386
"Isiah Kiner-Falefa","- - -",354,1233,230,18,142,123,0.29819899028033214,-7.639188812230781,11.21436432003975,4.523342851547953,91.76698687602602,108.22596744228903,76.70119675554191,68.27340573550981,101.66241904531104,89.71954530928171,60.61227272159997,103.41508738261618,6.4863946789432525,0.02105263,109.755,0.31368421,-0.30029773712158203,-14.415732277208075,"Isiah Kiner-Falefa",16512,643396
"Jeremy Peña","HOU",407,1696,291,44,214,171,0.3115498779081803,7.938229957182241,20.67264151573181,8.653090744911815,102.15418753157255,108.42015557917489,61.764415439880715,91.21487768419664,99.7595025427248,100.34398139088505,88.33233042484065,107.509022682618,7.345365535353666,0.06077796,111.581,0.36385737,-2.602995991706848,-2.561608158930856,"Jeremy Pena",21636,665161
"Bryan Reynolds","PIT",408,1783,272,70,214,215,0.34521329278607243,40.23027177784525,-33.539412811398506,6.967292020183508,119.08678363212238,108.76891330110776,101.35880676432556,99.62592850410819,107.27908359296295,113.60285021290784,121.06013380535774,106.98247034037327,10.709627833818635,0.09634551,113.194,0.4551495,5.205394268035889,46.080662057976504,"Bryan Reynolds",19326,668804
"J.D. Martinez","- - -",345,1463,193,61,173,220,0.35055548256004365,37.797807258520066,-36.52933904528618,5.052275094081889,125.00761626046166,109.09853065642152,105.13503500252396,122.81849349158385,106.36924120731513,120.2116682410737,137.04779376840432,114.98593657967653,14.989397893186476,0.14301192,112.105,0.46370531,1.868647575378418,44.80234246883893,"J.D. Martinez",6184,502110
"Marcell Ozuna","ATL",392,1626,223,99,219,249,0.36467960816581385,55.035025903573676,-41.47263313829899,7.021471919767917,131.86869700103418,109.21805550370736,103.02219429694463,105.71507987545614,105.50754006998433,128.5947344586475,158.48916369779062,101.45686393505098,15.755870636098939,0.15688073,115.334,0.48990826,3.979119658470154,68.52865117563908,"Marcell Ozuna",10324,542303
"Adley Rutschman","BAL",381,1653,246,51,213,192,0.34495001157559907,47.11486481302423,33.11058964021504,13.804029318519461,125.54260345334835,109.49539904333152,148.52082618036732,71.56598716759069,114.21041784632078,108.28249430025225,106.75984297024357,100.93770953631298,15.327456257965165,0.07561597,111.101,0.38147833,5.21634829044342,41.973480353923556,"Adley Rutschman",26288,668939
"Brendan Rodgers","COL",289,1196,201,27,145,127,0.31887259064359147,-14.570033125294021,4.166442364454269,3.184654550140938,91.30447148241046,109.55920168983381,81.91114310443378,87.33731681573073,102.26690238829082,101.47315472508187,88.85933353137223,108.39791573384439,4.729161398121387,0.07126437,112.18,0.44712644,-3.861082911491394,6.935352266585804,"Brendan Rodgers",17907,663898
"Ketel Marte","ARI",403,1708,237,67,243,215,0.354754333609894,55.71869743993396,-1.000956952571869,11.551366092419096,125.8688849145335,109.66301716616411,122.76945638678482,77.95278099747257,110.00214355742753,118.41027463160944,132.05083977063111,99.84048250860641,10.992376245681209,0.08381265,117.061,0.45603944,4.237258672714233,57.74249196616823,"Ketel Marte",13613,606466
"Andrés Giménez","CLE",415,1652,281,37,192,181,0.31936792254156116,22.20647700211623,39.09008085727692,11.89021794198187,107.04564195121526,109.76525184134167,63.839202653709805,78.03555397573506,105.45949798160008,100.20728628285764,85.58096316923493,106.04847173675888,11.380064985343273,0.04926108,109.87,0.30541872,3.3988823294639587,7.691117549190608,"Andres Gimenez",19950,665926
"Riley Greene","DET",294,1265,198,33,154,130,0.3350657039365534,26.738822186743924,-9.171704083681107,6.020342897101953,117.06759913820926,109.77622220329614,118.24524469108731,121.0645595241822,109.14599238989587,106.95657535636396,102.34329124756644,122.1979727949434,6.9103758834974585,0.11125158,114.402,0.45638432,2.2688440084457397,22.91586570107014,"Riley Greene",25976,682985
"Seiya Suzuki","CHC",347,1456,216,50,181,176,0.3467553825194133,37.618346434852235,-19.682685494422913,6.918531193224185,122.68561538832354,110.075797974273,111.43959308914346,109.5118396197057,108.21960386086522,114.01207866889564,120.16071116748167,113.81303371741171,12.618665261243386,0.10970464,115.031,0.45991561,2.051869362592697,39.434469039851926,"Seiya Suzuki",30116,673548
"Justin Turner","- - -",379,1563,242,43,188,217,0.3367068045957446,15.01756657324849,-33.40549758076668,3.5813763332194957,115.09384910620079,110.20602072645246,110.21596437835169,76.57862579593187,110.13533186444894,105.05087039729202,97.14826345638832,104.03560743415703,17.253839646341124,0.06071429,108.86,0.37857143,2.7079192101955414,29.44559612907587,"Justin Turner",5235,457759
"Austin Riley","ATL",428,1877,258,94,270,246,0.36158760353668123,65.26966462264565,-0.7541987895965576,13.218389687279485,129.77631673608346,110.39032496168404,96.00853280968575,108.63960203950558,107.3495143013241,124.82531687400342,147.2135314444127,107.82514924520487,13.909271636566558,0.14817814,116.081,0.50688259,4.648682236671448,73.2857729823215,"Austin Riley",18360,663586
"Gunnar Henderson","BAL",307,1313,174,65,210,177,0.36757579536838386,70.6391273194723,7.312200665473938,12.386024390926982,140.54318961555578,110.48795524798595,124.16575444480489,107.10323539032952,111.06892751247447,127.30385983175441,152.767984588653,108.89143761737077,9.218145123650046,0.11750881,113.774,0.5346651,4.811351418495178,56.7758437141575,"Gunnar Henderson",26289,683002
"Joey Meneses","WSN",286,1210,214,29,123,165,0.3172616474176105,-5.144835057856511,-30.748071432113647,0.6124629318934436,101.30737197132856,110.61862036848693,71.6001347373039,90.334554029214,101.00755656170325,99.9920061264073,83.75622551703653,109.88964026950161,9.129443970420933,0.06022727,114.199,0.42159091,2.0770921409130096,2.216998561097313,"Joey Meneses",14366,608841
"Juan Soto","- - -",436,1928,233,96,293,258,0.40023930042794664,133.64587303338385,-31.800114154815674,17.08917034063876,160.79131157104945,110.63801871100611,227.6565255377431,71.80502174487158,130.6859016630118,128.34230766952263,155.404710003108,96.45955795753129,8.830950738555261,0.15012107,115.731,0.53026634,9.839949905872345,135.9272571810875,"Juan Soto",20123,665742
"Kyle Tucker","HOU",367,1545,200,78,210,259,0.36941148497556386,83.89829791986138,-6.358151197433472,13.137147343020082,142.2762336804118,110.65973875240951,146.3352932543544,65.33269144096428,114.3364329234958,127.42580388501526,153.48879936367376,92.90535609742955,17.55213563874551,0.10815603,111.325,0.43439716,9.592804431915283,70.00743714670405,"Kyle Tucker",18345,663656
"Josh Naylor","CLE",359,1477,217,64,168,265,0.3416459141484498,33.46516918148014,-18.737539052963257,6.45053483776257,122.45360010689653,110.70826122312425,96.37424528412345,69.52164083698236,106.22805915892255,117.84343660408732,129.10246328271617,96.46325138999413,11.137825725747527,0.08520179,113.868,0.42242152,5.96239697933197,34.439922158504906,"Josh Naylor",18839,647304
"Vinnie Pasquantino","KCR",253,1064,160,37,106,144,0.33864205872854797,12.210817895498266,-19.787151992321014,2.832100408357553,114.77499004115657,110.78719092504068,112.03836309226534,54.419110304530015,108.42561956584716,112.11553065237491,113.91054370947174,94.64546726991165,15.117915472167375,0.07850242,112.717,0.44565217,1.9297218471765518,22.34414817359685,"Vinnie Pasquantino",27676,686469
"Lourdes Gurriel Jr.","- - -",379,1561,265,43,175,194,0.3220118215701177,6.0187927207708665,-11.924683451652527,4.7046327520586235,105.62886141489825,110.92842244489347,64.53287299692238,80.03260241111427,100.82805035416824,105.28019459566265,95.90465188150756,105.98361333510817,12.32939924454911,0.0642978,110.631,0.43654822,-0.253373883664608,10.921158813199433,"Lourdes Gurriel Jr.",19238,666971
"Nico Hoerner","CHC",401,1704,316,24,220,159,0.31426947603377353,15.245363716668859,34.058762431144714,11.021546173019205,100.6937750584843,110.95074410427503,78.01381004145524,50.73211538143991,104.88574211646204,93.76192770845473,67.29929490076859,101.30312270139635,10.286839573406272,0.01903367,110.106,0.31625183,2.3207469284534454,0.952560454774126,"Nico Hoerner",21479,663538
"Carlos Correa","MIN",346,1487,229,53,181,176,0.34542013681603895,35.798093244889614,12.366963982582092,10.002897827724839,124.90373445395525,111.11908650006335,123.6677863932659,90.7113032566909,111.17569711930815,112.78240955030059,115.24266488752116,107.63801290734101,10.742066865808823,0.10273973,114.569,0.45401174,0.38555026054382324,37.984698777543244,"Carlos Correa",14162,621043
"Paul Goldschmidt","STL",424,1851,275,79,254,244,0.3599068935500193,71.6129998835352,-33.603360056877136,10.471863042074743,131.88289119259628,111.2838164402448,129.4054943521765,106.10552115843615,112.48526778352468,117.51441654899008,127.2983106770365,112.02397323596827,14.293663532671651,0.11120401,112.349,0.48411371,4.799325346946716,69.15017487998946,"Paul Goldschmidt",9218,502671
"Christian Yelich","MIL",371,1618,260,44,249,175,0.350017431974411,60.1282589583962,-28.289247065782547,8.91229029175463,123.1286438675916,111.39796100318911,149.8898817550587,99.01189341349358,116.76542846746483,106.23589628933874,98.23713250275394,115.82225733854337,3.8780451402544167,0.08541267,117.219,0.48464491,5.302729785442352,48.34603343292389,"Christian Yelich",11477,592885
"Starling Marte","NYM",271,1115,207,28,152,121,0.3239741139214496,19.082049973424436,-21.50859224796295,3.768191582625736,110.97599730909955,111.95372333045523,62.749971488853184,88.9675171956087,103.66731865044186,101.95290547045576,86.66915965048756,111.48616232982158,6.704099877715261,0.0654321,113.258,0.38395062,1.9721406400203705,9.450576322268606,"Starling Marte",9241,516782
"Luis Rengifo","LAA",331,1260,220,39,141,133,0.32760901040795876,18.061044919085337,-13.815070927143097,4.658559072832053,109.61477796310676,111.96287816914732,71.3888437377236,72.03447771914949,103.2624630991669,107.71488644883982,101.2686761207203,103.69755221697024,9.48593864440918,0.05377456,110.165,0.34022751,-0.32669639587402344,14.961257233996523,"Luis Rengifo",19858,650859
"Nolan Arenado","STL",409,1720,274,69,195,251,0.3427306731356159,38.20398056408269,21.86499772965908,12.307976568400383,120.38695293246073,112.12017425971818,87.29404880235359,61.91322755238639,104.8995699504005,115.24506615270536,120.00782434322466,96.92507681158236,18.627609766501497,0.06492537,111.425,0.36119403,2.9290992617607117,40.63438329513995,"Nolan Arenado",9777,571448
"Manny Machado","SDP",404,1733,271,81,235,264,0.35015222605536966,54.48387112407468,7.538492977619171,12.53141867890307,128.2293705832911,112.24886203677265,100.12917950955523,86.53564179862772,106.44843967640305,119.47232085018604,130.62397255085924,103.18007542635159,14.607450597426471,0.10120482,115.558,0.47710843,4.167687430977821,51.655678784795924,"Manny Machado",11493,592518
"Luis García Jr.","WSN",324,1279,235,30,136,154,0.31120277780860967,-4.521749971955757,-4.50290060043335,3.566979384848869,98.11529671340777,112.41526403596313,54.23457043966719,73.39429225914071,97.14436046640296,102.31570108094432,86.8015995832558,105.8196013286205,6.192840790008759,0.06944444,113.357,0.37599206,0.4149763286113739,-2.4579994483475787,"Luis Garcia Jr.",20391,671277
"Julio Rodríguez","SEA",393,1713,284,71,233,216,0.34207255960700794,63.910870546500455,11.405262172222137,13.482546697936163,127.50681366704683,112.75209034399379,79.28871254323762,113.72198654668362,106.16818808959698,115.20872032232738,119.29647947971714,116.61268150615007,8.86207690903329,0.11697449,117.197,0.50395778,7.510325312614441,39.48702413870699,"Julio Rodriguez",23697,677594
"Eloy Jiménez","- - -",282,1102,193,39,111,139,0.3306469416705124,11.270232739673123,-29.389991821721196,1.893883489597214,112.35404712895232,112.8273950677781,85.58052214162673,88.70953440304852,104.67411373849174,108.66086081589965,102.53186541048409,108.36016949316902,5.484925595929238,0.10763454,113.467,0.49937422,-0.46529469452798367,14.681522175484464,"Eloy Jimenez",17484,650391
"Brendan Donovan","STL",338,1342,239,25,160,133,0.33724643623285,23.451340998738658,-11.803361907601357,5.93781737494793,117.05873716465562,112.84304116218671,113.15859663887267,61.670861209512154,114.98583470522752,97.97608421541364,74.83090041919176,105.6427273772419,9.986588442119011,0.04531722,109.071,0.3836858,4.435881316661835,26.75598217894475,"Brendan Donovan",24679,680977
"Nathaniel Lowe","TEX",421,1788,297,54,209,206,0.34701509419578075,42.37708371495724,-29.03994345664978,7.393887235543387,124.75156683185052,112.92999158632078,132.89081574477407,100.25411400242648,114.44222237169701,108.61606856796023,102.15064674265813,116.18271447213088,7.443942507480053,0.07476636,112.95,0.42056075,2.2951840236783028,48.25826799441025,"Nathaniel Lowe",19566,663993
"Gio Urshela","- - -",298,1104,210,20,108,125,0.30899447716982337,-6.179116950071949,-1.569550022482872,2.917412180435786,99.73793330449611,113.44078223442418,78.58055850132418,73.1705808862437,102.9944726964691,97.835691605675,73.83929083569112,108.09591937738847,10.192397292964117,0.05535925,110.289,0.3368669,-0.7618255764245987,-2.790134356524396,"Gio Urshela",10681,570482
"Jarren Duran","BOS",282,1152,162,26,152,118,0.34289020455537206,40.18213897474045,-1.8099897615611553,7.773172267693809,115.9486207214963,113.6569973987155,85.93134815469067,108.29541112868846,106.55166935558753,115.72925406479213,118.94130453414431,121.72349997790417,9.42222347559105,0.07830552,113.097,0.4338896,3.532648205757141,28.171146439816148,"Jarren Duran",24617,680776
"Jake McCarthy","ARI",304,1010,187,16,138,100,0.33074398514980785,26.65116476285884,-10.210462123155594,5.293784887184237,110.19059045649901,113.74330979320753,90.21108460240418,85.91673851600363,109.96062748761865,99.93287041506585,78.59336419797093,115.68799660749343,9.171362699040932,0.03481894,108.467,0.26880223,2.806686632335186,14.29664705758596,"Jake McCarthy",21622,664983
"Corey Seager","TEX",381,1680,241,92,241,243,0.3663329651811247,68.25632458010989,15.126409888267517,14.115716119512754,138.44052650658327,114.1436721637544,115.43958964045163,72.69556111502558,112.01593354286632,129.28861147783758,152.8036889414655,97.58247467754626,13.414368965955285,0.13381995,114.441,0.49067315,8.194618165493011,73.72757252835038,"Corey Seager",13624,608369
"Jeff McNeil","NYM",420,1663,300,31,200,157,0.32912367154519434,25.826791149057044,6.075879991054535,9.184328158591992,113.93750560434391,114.40499229259076,75.8937727137608,49.535688977479666,107.62837679496255,100.80277510313817,79.92800955448061,102.82348205635303,14.082953024308187,0.02247191,109.966,0.2928839,-0.10173195600509644,20.578327218494906,"Jeff McNeil",15362,643446
"José Ramírez","CLE",434,1898,269,85,269,306,0.35679389388740673,83.1953562838478,2.418965697288513,15.184271791034337,132.9671325101271,114.6563655371496,117.4554324475539,51.45319056489265,111.59805717940887,126.43124384586156,144.9279009047271,94.76488051039317,19.37070726242014,0.07459677,116.564,0.39045699,8.607232570648193,66.70944439484607,"Jose Ramirez",13510,608070
"Amed Rosario","- - -",376,1502,290,19,179,157,0.3084384897815562,5.110023407074658,-13.743201673030853,4.210058552461354,99.80598954237416,114.71941783877111,50.218771101020025,76.93129190612751,100.01958237630437,99.02815758916275,74.64965893360119,113.12456305853746,5.533542848244691,0.04102564,115.807,0.38290598,-1.1306668668985367,-5.939104871083947,"Amed Rosario",15518,642708
"Alec Bohm","PHI",419,1764,308,46,209,254,0.3297545696862719,12.515883119822035,-8.123620390892029,6.656871512380528,109.57782433278877,114.75635467653282,73.58244288784316,69.63170960513216,103.97673224728842,107.22899381485192,95.52981287954036,106.13224978822993,10.793452729212555,0.06603081,110.809,0.43727073,3.7111076936125755,23.923319425944726,"Alec Bohm",21618,664761
"William Contreras","- - -",358,1520,241,54,217,194,0.3592764850179302,43.22122004662783,16.246792063117027,11.332070965975554,128.99645934481853,114.8892421420795,119.38352038147073,98.75288154272428,113.04073985918373,116.1350801371245,118.24524735733219,115.66508094183175,5.667133380157019,0.10490196,118.146,0.48529412,3.140870541334152,56.274848070807316,"William Contreras",20503,661388
"Michael Harris II","ATL",324,1282,221,43,185,147,0.3395868867215976,32.13895287597133,13.14366352558136,9.158601201915863,114.5968673099633,115.45263827736159,57.874848412117096,95.13879642426068,102.44974742709694,114.09239187470368,111.99226265772695,114.37836379735047,6.503944611188917,0.09324759,114.683,0.46516613,1.5796433687210083,26.828773202836043,"Michael Harris II",25931,671739
"Bo Bichette","TOR",374,1629,290,48,189,196,0.330914413350513,27.84182700046244,6.940128564834595,9.031234279691253,115.79451657823273,115.77832523625766,66.47268093995238,90.71089768095419,103.5152538793769,110.14218743878945,101.66143835712718,114.22910748914703,7.398874679667838,0.08576187,113.406,0.46794338,2.0505082607269287,23.366008968994944,"Bo Bichette",19612,666182
"Vladimir Guerrero Jr.","TOR",440,1927,303,83,240,271,0.3604937660270156,71.44028169681434,-51.62900519371033,8.559336945208644,136.26226633777463,115.98252499586947,114.34537159076999,67.93966746471206,113.62427855211259,121.2533416736252,129.62355547111773,102.49189677942272,7.221741919424019,0.12002791,118.382,0.51500349,6.70977783203125,73.65363156209816,"Vladimir Guerrero Jr.",19611,665489
"Bryce Harper","PHI",333,1448,204,65,214,210,0.3782837788124138,74.55546690627051,-25.321950018405914,10.110748156126387,142.24315438828438,116.07631909708564,151.99392354262395,94.4599291739933,119.50633768080866,126.81361987641309,143.6837293824962,111.80596333238502,11.686552098619263,0.12896406,115.739,0.47251586,7.325903236865997,76.36295903111858,"Bryce Harper",11579,547180
"Trea Turner","- - -",398,1773,310,61,268,219,0.3462492737295401,62.88389503083625,9.18805980682373,13.665500696676647,121.32990698944457,117.07257475425743,72.2218810891681,88.1660355383838,106.00531784959382,115.20719369247313,112.17048802780545,113.40248960270782,11.639119025912867,0.07775212,112.477,0.41416474,5.564176142215729,46.945834559979524,"Trea Turner",16252,607208
"Shohei Ohtani","- - -",414,1824,230,117,286,278,0.40321725707715367,139.97957175162452,-44.07407188415527,15.945619678972019,162.64974319776695,117.52489890299134,153.88683238850078,104.3786761953383,121.40756516066776,146.99147995133882,192.94159341764427,110.7394626679245,13.53517593530894,0.18647008,119.207,0.53425846,9.862272024154663,134.36313471973705,"Shohei Ohtani",19755,660271
"Rafael Devers","BOS",405,1755,245,87,253,265,0.3750660477995111,74.09949827173537,-6.0266292989254,12.922204459214136,138.6114240155654,117.7415310055133,116.42269459568236,89.44740204489321,115.41205134534974,132.66210029004648,155.6638675894405,109.76019654448939,12.25471425845923,0.12674897,115.043,0.52921811,7.191279411315918,87.76336442518792,"Rafael Devers",17350,646240
"Xander Bogaerts","- - -",380,1617,299,40,206,157,0.34221343093612244,44.23819534480303,19.55082232877612,12.037159277960942,120.03238013091217,117.97222362364359,97.13291152807048,78.75140016366741,111.79379257946415,107.09595890844048,90.00349844472493,113.80550268997702,9.55869049666596,0.06081081,112.954,0.3589527,-0.3999404013156891,37.41841755900263,"Xander Bogaerts",12161,593428
"Mookie Betts","LAD",373,1692,239,86,298,233,0.3948047978416429,115.9125516050655,-3.2000527381896973,17.447326236825955,155.11724932835162,118.58988213081906,137.8201975204104,66.57234874220079,119.83288044314222,133.86244182589303,157.37039365151824,102.49767398668747,19.81701059810451,0.0997547,110.127,0.45134914,10.838857054710388,112.133098380563,"Mookie Betts",13611,605141
"Bobby Witt Jr.","KCR",432,1873,303,75,286,267,0.35622608044169246,75.49266302754117,28.353208541870117,16.872126347152594,126.42657171963313,118.90954753705694,71.8222359873703,80.02944860474499,106.99812680301879,126.19202064547956,137.3578045611846,109.75065958060407,16.072911910303812,0.11426544,116.885,0.443577,2.3092966079711914,65.581527806641,"Bobby Witt Jr.",25764,677951
"Steven Kwan","CLE",403,1786,347,24,252,142,0.33593344976879197,47.80925833377397,8.143171787261963,11.78396976405887,118.2673432879719,119.23172435600947,113.0840010922678,42.57655329605845,115.13766911850907,100.74594585184875,72.0509893745239,107.19501601519636,12.026720103650991,0.01601671,107.135,0.204039,2.2335419058799744,32.01646683820864,"Steven Kwan",24610,680757
"Ronald Acuña Jr.","ATL",327,1490,257,60,258,171,0.37887182954349635,89.05845787363813,-17.720190703868866,12.361713354060651,140.43513057033294,120.83289859676123,125.55697676119951,78.4982415813234,120.15450612785517,121.2570194690556,121.63663463720897,113.3429501348396,8.680334824782152,0.13684211,121.168,0.52344498,8.233919352293015,79.48228946408943,"Ronald Acuna Jr.",18401,660670
"Harold Ramírez","- - -",315,1115,235,20,132,155,0.32215300625059723,12.802875512968914,-28.09676595404744,2.1773950625683356,112.06719662000201,121.12494418379478,50.456200880000814,79.77237434052272,106.31675033835577,101.3485472236903,70.54944875889845,118.755911725924,4.183188604517571,0.04347826,113.677,0.39247944,0.9248127639293671,8.12302531138079,"Harold Ramirez",14387,623912
"Yandy Díaz","TBR",388,1656,303,41,211,189,0.3644808483599463,70.07675987068843,-27.87467634677887,9.853825296740839,141.9383275997081,123.33065892942325,133.45516980475279,62.000293256551856,122.4490779426155,111.89580531148422,94.08285839825314,114.75743941708771,6.045207939773309,0.07171964,117.363,0.50855746,6.405899822711945,69.27651715982985,"Yandy Diaz",16578,650490
"Yordan Alvarez","HOU",366,1561,218,93,242,260,0.41358604626985074,124.26903609257309,-33.026097774505615,14.634525157773414,173.66203682450157,124.02891677352679,160.3522091041462,77.6196988795812,129.05127123375965,145.66401860026633,179.4985215671696,108.80359106444423,16.01971905048077,0.17708333,117.719,0.53219697,12.639339685440063,127.14249859774603,"Yordan Alvarez",19556,670541
"Jose Altuve","HOU",351,1549,274,61,249,161,0.37832851143716606,87.91980420535029,-0.05150589346885681,14.244909288163543,149.43276866815594,124.64256633995221,115.95771027669753,72.64145038863067,120.87638564244317,124.54924113146937,124.87796052231992,115.41119944761378,14.434924238936423,0.07427056,109.764,0.30327144,5.970266342163086,82.412017901126,"Jose Altuve",5417,514888
"Aaron Judge","NYY",386,1704,203,143,308,317,0.45462856741647945,196.80540935956148,-15.418671250343323,24.446440809733726,201.01643044597023,125.64471369030213,216.93196239612274,114.78780993758639,138.57076340421213,168.31976737223428,234.9817258083,119.24679521354533,17.23395913334216,0.26842105,118.357,0.61368421,15.190046072006226,195.49489960009439,"Aaron Judge",15640,592450
"Freddie Freeman","LAD",436,1945,327,67,317,274,0.39498076135586546,133.68397425933628,-23.396108865737915,18.098456911749214,155.49538827431434,129.44015842447175,133.12154964259992,68.6981117827796,127.07930313590612,129.6068285619666,129.7900571040473,119.80034332031425,14.231551948635058,0.10394265,112.337,0.43870968,9.013189435005188,129.10603425538986,"Freddie Freeman",5361,518692
"Luis Arraez","- - -",407,1742,416,21,223,152,0.3454493464144467,41.759666193745815,-34.38270276784897,6.653734406051559,122.5568766634868,132.34546841202524,71.43470909965666,26.50323964235197,117.01915572652393,105.09605413385444,62.47597878812924,114.90376328065679,12.563874558390326,0.02954695,108.449,0.26329613,1.2575078941881657,45.96467357408606,"Luis Arraez",18568,650333